{"providers":[{"type":"bitmap","file":"nameplates:admin.png","ascent":12,"height":16,"chars":["\ue000\ue001\ue002"]},{"type":"bitmap","file":"nameplates:leader.png","ascent":12,"height":16,"chars":["\ue003\ue004\ue005"]},{"type":"bitmap","file":"nameplates:member.png","ascent":12,"height":16,"chars":["\ue006\ue007\ue008"]},{"type":"bitmap","file":"nameplates:nomad.png","ascent":12,"height":16,"chars":["\ue009\ue00a\ue00b"]},{"type":"bitmap","file":"nameplates:recruit.png","ascent":12,"height":16,"chars":["\ue00c\ue00d\ue00e"]},{"type":"bitmap","file":"nameplates:space_split.png","ascent":-32768,"height":-3,"chars":["\uf801"]},{"type":"bitmap","file":"nameplates:space_split.png","ascent":-32768,"height":-4,"chars":["\uf802"]},{"type":"bitmap","file":"nameplates:space_split.png","ascent":-32768,"height":-5,"chars":["\uf803"]},{"type":"bitmap","file":"nameplates:space_split.png","ascent":-32768,"height":-6,"chars":["\uf804"]},{"type":"bitmap","file":"nameplates:space_split.png","ascent":-32768,"height":-7,"chars":["\uf805"]},{"type":"bitmap","file":"nameplates:space_split.png","ascent":-32768,"height":-8,"chars":["\uf806"]},{"type":"bitmap","file":"nameplates:space_split.png","ascent":-32768,"height":-9,"chars":["\uf807"]},{"type":"bitmap","file":"nameplates:space_split.png","ascent":-32768,"height":-10,"chars":["\uf808"]},{"type":"bitmap","file":"nameplates:space_split.png","ascent":-32768,"height":-18,"chars":["\uf809"]},{"type":"bitmap","file":"nameplates:space_split.png","ascent":-32768,"height":-34,"chars":["\uf80a"]},{"type":"bitmap","file":"nameplates:space_split.png","ascent":-32768,"height":-66,"chars":["\uf80b"]},{"type":"bitmap","file":"nameplates:space_split.png","ascent":-32768,"height":-130,"chars":["\uf80c"]}]}