{
	"credit": "Made with Blockbench",
	"textures": {
		"2": "block/crimson_trapdoor",
		"3": "block/crimson_trapdoor_sides",
		"particle": "#2"
	},
	"elements": [
		{
			"from": [0, 0, 0],
			"to": [16, 3, 3],
			"faces": {
				"north": {"uv": [16, 0, 0, 3], "texture": "#3", "cullface": "east"},
				"east": {"uv": [13, 3, 16, 6], "texture": "#3"},
				"south": {"uv": [0, 0, 16, 3], "texture": "#3"},
				"west": {"uv": [0, 3, 3, 6], "texture": "#3", "cullface": "west"},
				"up": {"uv": [0, 16, 16, 13], "texture": "#2"},
				"down": {"uv": [0, 13, 16, 16], "texture": "#2", "cullface": "down"}
			}
		},
		{
			"from": [3, 0, 4],
			"to": [13, 3, 7],
			"faces": {
				"north": {"uv": [13, 0, 4, 3], "texture": "#3"},
				"south": {"uv": [3, 0, 13, 3], "texture": "#3"},
				"up": {"uv": [3, 7, 13, 4], "texture": "#2"},
				"down": {"uv": [3, 9, 13, 12], "texture": "#2", "cullface": "down"}
			}
		},
		{
			"from": [3, 0, 9],
			"to": [13, 3, 12],
			"faces": {
				"north": {"uv": [13, 0, 3, 3], "texture": "#3"},
				"south": {"uv": [3, 0, 13, 3], "texture": "#3"},
				"up": {"uv": [3, 12, 13, 9], "texture": "#2"},
				"down": {"uv": [3, 4, 13, 7], "texture": "#2", "cullface": "down"}
			}
		},
		{
			"from": [0, 0, 13],
			"to": [16, 3, 16],
			"faces": {
				"north": {"uv": [16, 0, 0, 3], "texture": "#3"},
				"east": {"uv": [0, 3, 3, 6], "texture": "#3", "cullface": "east"},
				"south": {"uv": [0, 0, 16, 3], "texture": "#3", "cullface": "south"},
				"west": {"uv": [13, 3, 16, 6], "texture": "#3", "cullface": "west"},
				"up": {"uv": [0, 3, 16, 0], "texture": "#2"},
				"down": {"uv": [0, 0, 16, 3], "texture": "#2", "cullface": "down"}
			}
		},
		{
			"from": [0, 0, 3],
			"to": [3, 3, 13],
			"faces": {
				"east": {"uv": [3, 3, 13, 6], "texture": "#3"},
				"west": {"uv": [3, 3, 13, 6], "texture": "#3", "cullface": "west"},
				"up": {"uv": [0, 13, 3, 3], "texture": "#2"},
				"down": {"uv": [0, 3, 3, 13], "texture": "#2", "cullface": "down"}
			}
		},
		{
			"from": [13, 0, 3],
			"to": [16, 3, 13],
			"faces": {
				"east": {"uv": [3, 3, 13, 6], "texture": "#3", "cullface": "east"},
				"west": {"uv": [3, 3, 13, 6], "texture": "#3"},
				"up": {"uv": [13, 13, 16, 3], "texture": "#2"},
				"down": {"uv": [13, 3, 16, 13], "texture": "#2", "cullface": "down"}
			}
		}
	]
}