{
	"credit": "Made with Blockbench",
	"textures": {
		"2": "block/crimson_trapdoor",
		"3": "block/crimson_trapdoor_sides",
		"particle": "#2"
	},
	"elements": [
		{
			"from": [0, 0, 13],
			"to": [16, 3, 16],
			"faces": {
				"north": {"uv": [0, 3, 16, 0], "texture": "#2"},
				"east": {"uv": [13, 3, 16, 6], "rotation": 90, "texture": "#3", "cullface": "east"},
				"south": {"uv": [0, 3, 16, 0], "texture": "#2", "cullface": "south"},
				"west": {"uv": [13, 3, 16, 6], "rotation": 90, "texture": "#3", "cullface": "west"},
				"up": {"uv": [16, 0, 0, 3], "texture": "#3"},
				"down": {"uv": [0, 0, 16, 3], "texture": "#3", "cullface": "down"}
			}
		},
		{
			"from": [0, 13, 13],
			"to": [16, 16, 16],
			"rotation": {"angle": 0, "axis": "y", "origin": [8, 21, 8]},
			"faces": {
				"north": {"uv": [0, 16, 16, 13], "texture": "#2"},
				"east": {"uv": [0, 3, 3, 6], "rotation": 90, "texture": "#3", "cullface": "east"},
				"south": {"uv": [0, 16, 16, 13], "texture": "#2", "cullface": "south"},
				"west": {"uv": [0, 3, 3, 6], "rotation": 90, "texture": "#3", "cullface": "west"},
				"up": {"uv": [16, 0, 0, 3], "texture": "#3", "cullface": "up"},
				"down": {"uv": [0, 0, 16, 3], "texture": "#3"}
			}
		},
		{
			"from": [3, 9, 13],
			"to": [13, 12, 16],
			"rotation": {"angle": 0, "axis": "y", "origin": [11, 17, 8]},
			"faces": {
				"north": {"uv": [3, 7, 13, 4], "texture": "#2"},
				"south": {"uv": [3, 12, 13, 9], "texture": "#2", "cullface": "south"},
				"up": {"uv": [13, 0, 3, 3], "texture": "#3"},
				"down": {"uv": [3, 0, 12, 3], "texture": "#3"}
			}
		},
		{
			"from": [3, 4, 13],
			"to": [13, 7, 16],
			"rotation": {"angle": 0, "axis": "y", "origin": [11, 12, 8]},
			"faces": {
				"north": {"uv": [3, 12, 13, 9], "texture": "#2"},
				"south": {"uv": [3, 7, 13, 4], "texture": "#2", "cullface": "south"},
				"up": {"uv": [13, 0, 3, 3], "texture": "#3"},
				"down": {"uv": [3, 0, 13, 3], "texture": "#3"}
			}
		},
		{
			"from": [0, 3, 13],
			"to": [3, 13, 16],
			"rotation": {"angle": 0, "axis": "y", "origin": [8, 11, 8]},
			"faces": {
				"north": {"uv": [13, 13, 16, 3], "texture": "#2"},
				"east": {"uv": [3, 3, 13, 6], "rotation": 90, "texture": "#3"},
				"south": {"uv": [0, 13, 3, 3], "texture": "#2", "cullface": "south"},
				"west": {"uv": [3, 3, 13, 6], "rotation": 90, "texture": "#3", "cullface": "west"}
			}
		},
		{
			"from": [13, 3, 13],
			"to": [16, 13, 16],
			"rotation": {"angle": 0, "axis": "y", "origin": [21, 11, 8]},
			"faces": {
				"north": {"uv": [0, 13, 3, 3], "texture": "#2"},
				"east": {"uv": [3, 3, 13, 6], "rotation": 90, "texture": "#3", "cullface": "east"},
				"south": {"uv": [13, 13, 16, 3], "texture": "#2", "cullface": "south"},
				"west": {"uv": [3, 3, 13, 6], "rotation": 90, "texture": "#3"}
			}
		}
	]
}