{
	"credit": "Made with Blockbench",
	"parent": "block/block",
	"textures": {
		"0": "block/crimson_fencepole",
		"1": "block/crimson_planks",
		"particle": "block/crimson_fencepole"
	},
	"elements": [
		{
			"name": "Left-hand post",
			"from": [0, 2, 7],
			"to": [2, 13, 9],
			"rotation": {"angle": 0, "axis": "y", "origin": [8, 5, 8]},
			"faces": {
				"north": {"uv": [2, 2, 4, 13], "texture": "#0"},
				"east": {"uv": [13, 5, 15, 16], "texture": "#0"},
				"south": {"uv": [3, 0, 5, 11], "texture": "#0"},
				"west": {"uv": [7, 0, 9, 11], "texture": "#0", "cullface": "west"},
				"up": {"uv": [8, 7, 10, 9], "texture": "#0"},
				"down": {"uv": [0, 7, 2, 9], "texture": "#0"}
			}
		},
		{
			"name": "Right-hand post",
			"from": [14, 2, 7],
			"to": [16, 13, 9],
			"rotation": {"angle": 0, "axis": "y", "origin": [8, 5, 8]},
			"faces": {
				"north": {"uv": [10, 1, 12, 12], "texture": "#0"},
				"east": {"uv": [7, 0, 9, 11], "texture": "#0", "cullface": "east"},
				"south": {"uv": [10, 0, 12, 11], "texture": "#0"},
				"west": {"uv": [13, 5, 15, 16], "texture": "#0"},
				"up": {"uv": [6, 7, 8, 9], "texture": "#0"},
				"down": {"uv": [14, 7, 16, 9], "texture": "#0"}
			}
		},
		{
			"name": "Inner vertical post of left-hand gate door",
			"from": [6, 3, 7],
			"to": [8, 12, 9],
			"rotation": {"angle": 0, "axis": "y", "origin": [8, 5, 8]},
			"faces": {
				"north": {"uv": [5, 0, 7, 9], "texture": "#0"},
				"east": {"uv": [7, 1, 9, 10], "texture": "#0"},
				"south": {"uv": [6, 0, 8, 9], "texture": "#0"},
				"west": {"uv": [14, 3, 16, 12], "texture": "#0"},
				"up": {"uv": [9, 7, 11, 9], "texture": "#0"},
				"down": {"uv": [4, 7, 6, 9], "texture": "#0"}
			}
		},
		{
			"name": "Inner vertical post of right-hand gate door",
			"from": [8, 3, 7],
			"to": [10, 12, 9],
			"rotation": {"angle": 0, "axis": "y", "origin": [8, 5, 8]},
			"faces": {
				"north": {"uv": [6, 0, 8, 9], "texture": "#0"},
				"east": {"uv": [14, 7, 16, 16], "texture": "#0"},
				"south": {"uv": [2, 3, 4, 12], "texture": "#0"},
				"west": {"uv": [7, 1, 9, 10], "texture": "#0"},
				"up": {"uv": [8, 7, 10, 9], "texture": "#0"},
				"down": {"uv": [8, 7, 10, 9], "texture": "#0"}
			}
		},
		{
			"name": "Lower horizontal bar of left-hand gate door",
			"from": [2, 3, 7],
			"to": [6, 6, 9],
			"rotation": {"angle": 0, "axis": "y", "origin": [8, 5, 8]},
			"faces": {
				"north": {"uv": [12, 0, 16, 3], "texture": "#1"},
				"east": {"uv": [0, 0, 0, 0], "texture": "#1"},
				"south": {"uv": [7, 12, 11, 15], "texture": "#1"},
				"west": {"uv": [0, 0, 0, 0], "texture": "#1"},
				"up": {"uv": [12, 5, 16, 7], "texture": "#0"},
				"down": {"uv": [7, 5, 11, 7], "texture": "#0"}
			}
		},
		{
			"name": "Upper horizontal bar of left-hand gate door",
			"from": [2, 9, 7],
			"to": [6, 12, 9],
			"rotation": {"angle": 0, "axis": "y", "origin": [8, 5, 8]},
			"faces": {
				"north": {"uv": [12, 8, 16, 11], "texture": "#1"},
				"east": {"uv": [0, 0, 0, 0], "texture": "#1"},
				"south": {"uv": [7, 4, 11, 7], "texture": "#1"},
				"west": {"uv": [0, 0, 0, 0], "texture": "#1"},
				"up": {"uv": [7, 5, 11, 7], "texture": "#0"},
				"down": {"uv": [12, 14, 16, 16], "texture": "#0"}
			}
		},
		{
			"name": "Lower horizontal bar of right-hand gate door",
			"from": [10, 3, 7],
			"to": [14, 6, 9],
			"rotation": {"angle": 0, "axis": "y", "origin": [8, 5, 8]},
			"faces": {
				"north": {"uv": [7, 12, 11, 15], "texture": "#1"},
				"east": {"uv": [0, 0, 0, 0], "texture": "#1"},
				"south": {"uv": [4, 12, 8, 15], "texture": "#1"},
				"west": {"uv": [0, 0, 0, 0], "texture": "#1"},
				"up": {"uv": [12, 9, 16, 11], "texture": "#0"},
				"down": {"uv": [12, 9, 16, 11], "texture": "#0"}
			}
		},
		{
			"name": "Upper horizontal bar of right-hand gate door",
			"from": [10, 9, 7],
			"to": [14, 12, 9],
			"rotation": {"angle": 0, "axis": "y", "origin": [8, 5, 8]},
			"faces": {
				"north": {"uv": [7, 4, 11, 7], "texture": "#1"},
				"east": {"uv": [0, 0, 0, 0], "texture": "#1"},
				"south": {"uv": [12, 0, 16, 3], "texture": "#1"},
				"west": {"uv": [0, 0, 0, 0], "texture": "#1"},
				"up": {"uv": [0, 14, 4, 16], "texture": "#0"},
				"down": {"uv": [12, 13, 16, 15], "texture": "#0"}
			}
		}
	],
	"display": {
		"gui": {
			"rotation": [30, 45, 0],
			"translation": [0, -1, 0],
			"scale": [0.8, 0.8, 0.8]
		},
		"head": {
			"translation": [0, -3, -6]
		}
	}
}