{
	"credit": "Made with Blockbench",
	"ambientocclusion": false,
	"textures": {
		"particle": "block/flower_pot",
		"flowerpot": "block/flower_pot"
	},
	"elements": [
		{
			"from": [2.6, 4, 8],
			"to": [13.4, 16, 8],
			"rotation": {"angle": 45, "axis": "y", "origin": [8, 8, 8], "rescale": true},
			"faces": {
				"north": {"uv": [0, 0, 16, 16], "texture": "#plant"},
				"south": {"uv": [0, 0, 16, 16], "texture": "#plant"}
			}
		},
		{
			"from": [8, 4, 2.6],
			"to": [8, 16, 13.4],
			"rotation": {"angle": 45, "axis": "y", "origin": [8, 8, 8], "rescale": true},
			"faces": {
				"east": {"uv": [0, 0, 16, 16], "texture": "#plant"},
				"west": {"uv": [0, 0, 16, 16], "texture": "#plant"}
			}
		},
		{
			"from": [4, 5, 4],
			"to": [12, 7, 12],
			"rotation": {"angle": 0, "axis": "y", "origin": [12, 13, 12]},
			"faces": {
				"north": {"uv": [8, 9, 16, 11], "texture": "#flowerpot"},
				"east": {"uv": [8, 9, 16, 11], "texture": "#flowerpot"},
				"south": {"uv": [8, 9, 16, 11], "texture": "#flowerpot"},
				"west": {"uv": [8, 9, 16, 11], "texture": "#flowerpot"},
				"up": {"uv": [8, 0, 16, 8], "texture": "#flowerpot"},
				"down": {"uv": [0, 0, 8, 8], "texture": "#flowerpot"}
			}
		},
		{
			"from": [5, 0, 5],
			"to": [11, 5, 11],
			"rotation": {"angle": 0, "axis": "y", "origin": [13, 8, 13]},
			"faces": {
				"north": {"uv": [9, 11, 15, 16], "texture": "#flowerpot"},
				"east": {"uv": [9, 11, 15, 16], "texture": "#flowerpot"},
				"south": {"uv": [9, 11, 15, 16], "texture": "#flowerpot"},
				"west": {"uv": [9, 11, 15, 16], "texture": "#flowerpot"},
				"up": {"uv": [9, 1, 15, 7], "texture": "#flowerpot"},
				"down": {"uv": [1, 1, 7, 7], "texture": "#flowerpot"}
			}
		},
		{
			"from": [5, 6, 5],
			"to": [11, 6, 11],
			"rotation": {"angle": 0, "axis": "y", "origin": [13, 9, 13]},
			"faces": {
				"north": {"uv": [1, 15, 7, 15], "texture": "#flowerpot"},
				"east": {"uv": [1, 15, 7, 15], "texture": "#flowerpot"},
				"south": {"uv": [1, 15, 7, 15], "texture": "#flowerpot"},
				"west": {"uv": [1, 15, 7, 15], "texture": "#flowerpot"},
				"up": {"uv": [1, 9, 7, 15], "texture": "#flowerpot"},
				"down": {"uv": [1, 15, 7, 9], "texture": "#flowerpot"}
			}
		},
		{
			"from": [4, 6, 5],
			"to": [12, 7, 5],
			"rotation": {"angle": 0, "axis": "y", "origin": [13, 9, 13]},
			"faces": {
				"north": {"uv": [0, 15, 8, 16], "texture": "#flowerpot"},
				"east": {"uv": [0, 15, 0, 15], "texture": "#flowerpot"},
				"south": {"uv": [0, 15, 8, 16], "texture": "#flowerpot"},
				"west": {"uv": [0, 15, 0, 15], "texture": "#flowerpot"},
				"up": {"uv": [0, 15, 8, 15], "texture": "#flowerpot"},
				"down": {"uv": [0, 15, 8, 15], "texture": "#flowerpot"}
			}
		},
		{
			"from": [4, 6, 11],
			"to": [12, 7, 11],
			"rotation": {"angle": 0, "axis": "y", "origin": [13, 9, 19]},
			"faces": {
				"north": {"uv": [0, 15, 8, 16], "texture": "#flowerpot"},
				"east": {"uv": [0, 15, 0, 15], "texture": "#flowerpot"},
				"south": {"uv": [0, 15, 8, 16], "texture": "#flowerpot"},
				"west": {"uv": [0, 15, 0, 15], "texture": "#flowerpot"},
				"up": {"uv": [0, 15, 8, 15], "texture": "#flowerpot"},
				"down": {"uv": [0, 15, 8, 15], "texture": "#flowerpot"}
			}
		},
		{
			"from": [11, 6, 4],
			"to": [11, 7, 12],
			"rotation": {"angle": 0, "axis": "y", "origin": [13, 9, 19]},
			"faces": {
				"north": {"uv": [0, 15, 0, 15], "texture": "#flowerpot"},
				"east": {"uv": [0, 15, 8, 16], "texture": "#flowerpot"},
				"south": {"uv": [0, 15, 0, 16], "texture": "#flowerpot"},
				"west": {"uv": [0, 15, 8, 16], "texture": "#flowerpot"},
				"up": {"uv": [0, 15, 8, 15], "texture": "#flowerpot"},
				"down": {"uv": [0, 15, 8, 15], "texture": "#flowerpot"}
			}
		},
		{
			"from": [5, 6, 4],
			"to": [5, 7, 12],
			"rotation": {"angle": 0, "axis": "y", "origin": [7, 9, 19]},
			"faces": {
				"north": {"uv": [0, 15, 0, 15], "texture": "#flowerpot"},
				"east": {"uv": [0, 15, 8, 16], "texture": "#flowerpot"},
				"south": {"uv": [0, 15, 0, 16], "texture": "#flowerpot"},
				"west": {"uv": [0, 15, 8, 16], "texture": "#flowerpot"},
				"up": {"uv": [0, 15, 8, 15], "texture": "#flowerpot"},
				"down": {"uv": [0, 15, 8, 15], "texture": "#flowerpot"}
			}
		}
	]
}