{
	"credit": "Made with Blockbench",
	"textures": {
		"2": "block/iron_trapdoor",
		"3": "block/iron_trapdoor_sides",
		"particle": "#2"
	},
	"elements": [
		{
			"from": [0, 0, 13],
			"to": [3, 16, 16],
			"faces": {
				"north": {"uv": [13, 16, 16, 0], "texture": "#2"},
				"east": {"uv": [0, 3, 16, 6], "rotation": 90, "texture": "#3"},
				"south": {"uv": [0, 16, 3, 0], "texture": "#2", "cullface": "south"},
				"west": {"uv": [0, 3, 16, 6], "rotation": 90, "texture": "#3", "cullface": "west"},
				"up": {"uv": [16, 0, 13, 3], "texture": "#3", "cullface": "up"},
				"down": {"uv": [0, 0, 3, 3], "texture": "#3", "cullface": "down"}
			}
		},
		{
			"from": [13, 0, 13],
			"to": [16, 16, 16],
			"rotation": {"angle": 0, "axis": "y", "origin": [21, 8, 8]},
			"faces": {
				"north": {"uv": [0, 16, 3, 0], "texture": "#2"},
				"east": {"uv": [0, 3, 16, 6], "rotation": 90, "texture": "#3", "cullface": "east"},
				"south": {"uv": [13, 16, 16, 0], "texture": "#2", "cullface": "south"},
				"west": {"uv": [0, 3, 16, 6], "rotation": 90, "texture": "#3"},
				"up": {"uv": [3, 0, 0, 3], "texture": "#3", "cullface": "up"},
				"down": {"uv": [13, 0, 16, 3], "texture": "#3", "cullface": "down"}
			}
		},
		{
			"from": [6, 3, 13],
			"to": [10, 13, 16],
			"rotation": {"angle": 0, "axis": "y", "origin": [14, 11, 8]},
			"faces": {
				"north": {"uv": [6, 13, 10, 3], "texture": "#2"},
				"east": {"uv": [3, 3, 13, 6], "rotation": 90, "texture": "#3"},
				"south": {"uv": [6, 13, 10, 3], "texture": "#2", "cullface": "south"},
				"west": {"uv": [3, 3, 13, 6], "rotation": 90, "texture": "#3"}
			}
		},
		{
			"from": [3, 0, 13],
			"to": [13, 3, 16],
			"rotation": {"angle": 0, "axis": "y", "origin": [11, 8, 8]},
			"faces": {
				"north": {"uv": [3, 3, 13, 0], "texture": "#2"},
				"south": {"uv": [3, 3, 13, 0], "texture": "#2", "cullface": "south"},
				"up": {"uv": [13, 0, 3, 3], "texture": "#3"},
				"down": {"uv": [3, 0, 13, 3], "texture": "#3", "cullface": "down"}
			}
		},
		{
			"from": [3, 13, 13],
			"to": [13, 16, 16],
			"rotation": {"angle": 0, "axis": "y", "origin": [11, 21, 8]},
			"faces": {
				"north": {"uv": [3, 16, 13, 13], "texture": "#2"},
				"south": {"uv": [3, 16, 13, 13], "texture": "#2", "cullface": "south"},
				"up": {"uv": [13, 0, 3, 3], "texture": "#3", "cullface": "up"},
				"down": {"uv": [3, 0, 13, 3], "texture": "#3"}
			}
		},
		{
			"from": [3, 6, 13],
			"to": [6, 10, 16],
			"rotation": {"angle": 0, "axis": "y", "origin": [11, 14, 8]},
			"faces": {
				"north": {"uv": [10, 10, 13, 6], "texture": "#2"},
				"south": {"uv": [3, 10, 6, 6], "texture": "#2", "cullface": "south"},
				"up": {"uv": [6, 0, 3, 3], "texture": "#3"},
				"down": {"uv": [3, 0, 6, 3], "texture": "#3"}
			}
		},
		{
			"from": [10, 6, 13],
			"to": [13, 10, 16],
			"rotation": {"angle": 0, "axis": "y", "origin": [18, 14, 8]},
			"faces": {
				"north": {"uv": [3, 10, 6, 6], "texture": "#2"},
				"south": {"uv": [10, 10, 13, 6], "texture": "#2", "cullface": "south"},
				"up": {"uv": [13, 0, 10, 3], "texture": "#3"},
				"down": {"uv": [10, 0, 13, 3], "texture": "#3"}
			}
		}
	]
}