{
	"credit": "Made with Blockbench",
	"textures": {
		"2": "block/iron_trapdoor_sides",
		"3": "block/iron_trapdoor",
		"particle": "#3"
	},
	"elements": [
		{
			"from": [0, 0, 0],
			"to": [3, 3, 16],
			"faces": {
				"north": {"uv": [3, 0, 0, 3], "texture": "#2", "cullface": "north"},
				"east": {"uv": [0, 3, 16, 6], "texture": "#2"},
				"south": {"uv": [0, 0, 3, 3], "texture": "#2", "cullface": "south"},
				"west": {"uv": [0, 3, 16, 6], "texture": "#2", "cullface": "west"},
				"up": {"uv": [0, 16, 3, 0], "texture": "#3"},
				"down": {"uv": [0, 0, 3, 16], "texture": "#3", "cullface": "down"}
			}
		},
		{
			"from": [13, 0, 0],
			"to": [16, 3, 16],
			"faces": {
				"north": {"uv": [16, 0, 13, 3], "texture": "#2", "cullface": "north"},
				"east": {"uv": [0, 3, 16, 6], "texture": "#2", "cullface": "east"},
				"south": {"uv": [13, 0, 16, 3], "texture": "#2", "cullface": "south"},
				"west": {"uv": [0, 3, 16, 6], "texture": "#2"},
				"up": {"uv": [13, 16, 16, 0], "texture": "#3"},
				"down": {"uv": [13, 0, 16, 16], "texture": "#3", "cullface": "down"}
			}
		},
		{
			"from": [6, 0, 3],
			"to": [10, 3, 13],
			"faces": {
				"east": {"uv": [3, 3, 13, 6], "texture": "#2"},
				"west": {"uv": [3, 3, 13, 6], "texture": "#2"},
				"up": {"uv": [6, 13, 10, 3], "texture": "#3"},
				"down": {"uv": [6, 3, 10, 13], "texture": "#3", "cullface": "down"}
			}
		},
		{
			"from": [3, 0, 0],
			"to": [13, 3, 3],
			"faces": {
				"north": {"uv": [13, 0, 3, 3], "texture": "#2", "cullface": "north"},
				"south": {"uv": [3, 0, 13, 3], "texture": "#2"},
				"up": {"uv": [3, 16, 13, 13], "texture": "#3"},
				"down": {"uv": [3, 13, 13, 16], "texture": "#3", "cullface": "down"}
			}
		},
		{
			"from": [3, 0, 6],
			"to": [6, 3, 10],
			"faces": {
				"north": {"uv": [13, 0, 10, 3], "texture": "#2"},
				"south": {"uv": [3, 0, 6, 3], "texture": "#2"},
				"up": {"uv": [3, 10, 6, 6], "texture": "#3"},
				"down": {"uv": [3, 6, 6, 10], "texture": "#3", "cullface": "down"}
			}
		},
		{
			"from": [10, 0, 6],
			"to": [13, 3, 10],
			"faces": {
				"north": {"uv": [6, 0, 3, 3], "texture": "#2"},
				"south": {"uv": [10, 0, 13, 3], "texture": "#2"},
				"up": {"uv": [10, 10, 13, 6], "texture": "#3"},
				"down": {"uv": [10, 6, 13, 10], "texture": "#3", "cullface": "down"}
			}
		},
		{
			"from": [3, 0, 13],
			"to": [13, 3, 16],
			"faces": {
				"north": {"uv": [13, 0, 3, 3], "texture": "#2"},
				"south": {"uv": [3, 0, 13, 3], "texture": "#2", "cullface": "south"},
				"up": {"uv": [3, 3, 13, 0], "texture": "#3"},
				"down": {"uv": [3, 0, 13, 3], "texture": "#3", "cullface": "down"}
			}
		}
	]
}