{
	"credit": "Made with Blockbench",
	"textures": {
		"2": "block/jungle_trapdoor_sides",
		"3": "block/jungle_trapdoor",
		"particle": "#3"
	},
	"elements": [
		{
			"from": [0, 0, 0],
			"to": [3, 3, 16],
			"faces": {
				"north": {"uv": [3, 0, 0, 3], "texture": "#2", "cullface": "north"},
				"east": {"uv": [0, 3, 16, 6], "texture": "#2"},
				"south": {"uv": [0, 0, 3, 3], "texture": "#2", "cullface": "south"},
				"west": {"uv": [0, 3, 16, 6], "texture": "#2", "cullface": "west"},
				"up": {"uv": [0, 16, 3, 0], "texture": "#3"},
				"down": {"uv": [0, 0, 3, 16], "texture": "#3", "cullface": "down"}
			}
		},
		{
			"from": [13, 0, 0],
			"to": [16, 3, 16],
			"faces": {
				"north": {"uv": [16, 0, 13, 3], "texture": "#2", "cullface": "north"},
				"east": {"uv": [0, 3, 16, 6], "texture": "#2", "cullface": "east"},
				"south": {"uv": [13, 0, 16, 3], "texture": "#2", "cullface": "south"},
				"west": {"uv": [0, 3, 16, 6], "texture": "#2"},
				"up": {"uv": [13, 16, 16, 0], "texture": "#3"},
				"down": {"uv": [13, 0, 16, 16], "texture": "#3", "cullface": "down"}
			}
		},
		{
			"from": [12, 0, 3],
			"to": [13, 3, 7],
			"faces": {
				"west": {"uv": [3, 3, 7, 6], "texture": "#2"},
				"up": {"uv": [3, 13, 4, 9], "texture": "#3"},
				"down": {"uv": [12, 9, 13, 13], "texture": "#3", "cullface": "down"}
			}
		},
		{
			"from": [12, 0, 10],
			"to": [13, 3, 13],
			"faces": {
				"north": {"uv": [3, 0, 4, 3], "texture": "#2"},
				"west": {"uv": [10, 3, 13, 6], "texture": "#2"},
				"up": {"uv": [3, 6, 4, 3], "texture": "#3"},
				"down": {"uv": [12, 3, 13, 6], "texture": "#3", "cullface": "down"}
			}
		},
		{
			"from": [11, 0, 11],
			"to": [12, 3, 13],
			"faces": {
				"north": {"uv": [4, 0, 5, 3], "texture": "#2"},
				"west": {"uv": [11, 3, 13, 6], "texture": "#2"},
				"up": {"uv": [4, 5, 5, 3], "texture": "#3"},
				"down": {"uv": [11, 3, 12, 5], "texture": "#3", "cullface": "down"}
			}
		},
		{
			"from": [10, 0, 12],
			"to": [11, 3, 13],
			"faces": {
				"north": {"uv": [5, 0, 6, 3], "texture": "#2"},
				"up": {"uv": [5, 4, 6, 3], "texture": "#3"},
				"down": {"uv": [10, 3, 11, 4], "texture": "#3", "cullface": "down"}
			}
		},
		{
			"from": [3, 0, 10],
			"to": [4, 3, 13],
			"faces": {
				"north": {"uv": [12, 0, 13, 3], "texture": "#2"},
				"east": {"uv": [3, 3, 6, 6], "texture": "#2"},
				"up": {"uv": [12, 6, 13, 3], "texture": "#3"},
				"down": {"uv": [3, 3, 4, 6], "texture": "#3", "cullface": "down"}
			}
		},
		{
			"from": [4, 0, 11],
			"to": [5, 3, 13],
			"faces": {
				"north": {"uv": [11, 0, 12, 3], "texture": "#2"},
				"east": {"uv": [3, 3, 5, 6], "texture": "#2"},
				"up": {"uv": [11, 5, 12, 3], "texture": "#3"},
				"down": {"uv": [4, 3, 5, 5], "texture": "#3", "cullface": "down"}
			}
		},
		{
			"from": [5, 0, 12],
			"to": [6, 3, 13],
			"faces": {
				"north": {"uv": [10, 0, 11, 3], "texture": "#2"},
				"up": {"uv": [10, 4, 11, 3], "texture": "#3"},
				"down": {"uv": [5, 3, 6, 4], "texture": "#3", "cullface": "down"}
			}
		},
		{
			"from": [11, 0, 3],
			"to": [12, 3, 5],
			"faces": {
				"south": {"uv": [10, 0, 11, 3], "texture": "#2"},
				"west": {"uv": [3, 3, 5, 6], "texture": "#2"},
				"up": {"uv": [4, 13, 5, 11], "texture": "#3"},
				"down": {"uv": [11, 11, 12, 13], "texture": "#3", "cullface": "down"}
			}
		},
		{
			"from": [10, 0, 3],
			"to": [11, 3, 4],
			"faces": {
				"south": {"uv": [10, 0, 11, 3], "texture": "#2"},
				"up": {"uv": [5, 13, 6, 12], "texture": "#3"},
				"down": {"uv": [10, 12, 11, 13], "texture": "#3", "cullface": "down"}
			}
		},
		{
			"from": [9, 0, 3],
			"to": [10, 3, 7],
			"faces": {
				"east": {"uv": [9, 3, 13, 6], "texture": "#2"},
				"west": {"uv": [3, 3, 7, 6], "texture": "#2"},
				"up": {"uv": [6, 13, 7, 9], "texture": "#3"},
				"down": {"uv": [9, 9, 10, 13], "texture": "#3", "cullface": "down"}
			}
		},
		{
			"from": [9, 0, 8],
			"to": [10, 3, 13],
			"faces": {
				"east": {"uv": [3, 3, 8, 6], "texture": "#2"},
				"west": {"uv": [8, 3, 13, 6], "texture": "#2"},
				"up": {"uv": [6, 8, 7, 4], "texture": "#3"},
				"down": {"uv": [9, 3, 10, 8], "texture": "#3", "cullface": "down"}
			}
		},
		{
			"from": [6, 0, 8],
			"to": [7, 3, 13],
			"faces": {
				"east": {"uv": [3, 3, 8, 6], "texture": "#2"},
				"west": {"uv": [8, 3, 13, 6], "texture": "#2"},
				"up": {"uv": [9, 8, 10, 3], "texture": "#3"},
				"down": {"uv": [6, 3, 7, 8], "texture": "#3", "cullface": "down"}
			}
		},
		{
			"from": [6, 0, 3],
			"to": [7, 3, 7],
			"faces": {
				"east": {"uv": [9, 3, 13, 6], "texture": "#2"},
				"west": {"uv": [3, 3, 7, 6], "texture": "#2"},
				"up": {"uv": [9, 13, 10, 9], "texture": "#3"},
				"down": {"uv": [6, 9, 7, 13], "texture": "#3", "cullface": "down"}
			}
		},
		{
			"from": [3, 0, 3],
			"to": [4, 3, 7],
			"faces": {
				"east": {"uv": [9, 3, 13, 6], "texture": "#2"},
				"up": {"uv": [12, 13, 13, 9], "texture": "#3"},
				"down": {"uv": [3, 9, 4, 13], "texture": "#3", "cullface": "down"}
			}
		},
		{
			"from": [4, 0, 3],
			"to": [5, 3, 5],
			"faces": {
				"east": {"uv": [11, 3, 13, 6], "texture": "#2"},
				"south": {"uv": [4, 0, 5, 3], "texture": "#2"},
				"up": {"uv": [11, 13, 12, 11], "texture": "#3"},
				"down": {"uv": [4, 11, 5, 13], "texture": "#3", "cullface": "down"}
			}
		},
		{
			"from": [5, 0, 3],
			"to": [6, 3, 4],
			"faces": {
				"south": {"uv": [5, 0, 6, 3], "texture": "#2"},
				"up": {"uv": [10, 13, 11, 12], "texture": "#3"},
				"down": {"uv": [5, 12, 6, 13], "texture": "#3", "cullface": "down"}
			}
		},
		{
			"from": [3, 0, 0],
			"to": [13, 3, 3],
			"faces": {
				"north": {"uv": [13, 0, 3, 3], "texture": "#2", "cullface": "north"},
				"south": {"uv": [3, 0, 13, 3], "texture": "#2"},
				"up": {"uv": [3, 16, 13, 13], "texture": "#3"},
				"down": {"uv": [3, 13, 13, 16], "texture": "#3", "cullface": "down"}
			}
		},
		{
			"from": [3, 0, 13],
			"to": [13, 3, 16],
			"faces": {
				"north": {"uv": [13, 0, 3, 3], "texture": "#2"},
				"south": {"uv": [3, 0, 13, 3], "texture": "#2", "cullface": "south"},
				"up": {"uv": [3, 3, 13, 0], "texture": "#3"},
				"down": {"uv": [3, 0, 13, 3], "texture": "#3", "cullface": "down"}
			}
		},
		{
			"from": [3, 0, 7],
			"to": [13, 3, 8],
			"faces": {
				"north": {"uv": [13, 0, 3, 3], "texture": "#2"},
				"south": {"uv": [3, 0, 13, 3], "texture": "#2"},
				"up": {"uv": [3, 9, 13, 8], "texture": "#3"},
				"down": {"uv": [3, 8, 13, 9], "texture": "#3", "cullface": "down"}
			}
		}
	]
}