{
	"credit": "Made with Blockbench",
	"parent": "block/block",
	"ambientocclusion": false,
	"textures": {
		"2": "block/nether_bricks",
		"particle": "block/nether_bricks"
	},
	"elements": [
		{
			"name": "Left post",
			"from": [6, 0, -1],
			"to": [10, 16, 3],
			"faces": {
				"north": {"uv": [6, 0, 10, 16], "texture": "#2"},
				"east": {"uv": [3, 0, 7, 16], "texture": "#2"},
				"south": {"uv": [0, 0, 4, 16], "texture": "#2"},
				"west": {"uv": [9, 0, 13, 16], "texture": "#2"},
				"up": {"uv": [4, 5, 8, 9], "texture": "#2"},
				"down": {"uv": [5, 7, 9, 11], "texture": "#2", "cullface": "down"}
			}
		},
		{
			"name": "Right post",
			"from": [6, 0, 13],
			"to": [10, 16, 17],
			"faces": {
				"north": {"uv": [12, 0, 16, 16], "texture": "#2"},
				"east": {"uv": [9, 0, 13, 16], "texture": "#2"},
				"south": {"uv": [6, 0, 10, 16], "texture": "#2"},
				"west": {"uv": [3, 0, 7, 16], "texture": "#2"},
				"up": {"uv": [9, 5, 13, 9], "texture": "#2"},
				"down": {"uv": [5, 7, 9, 11], "texture": "#2", "cullface": "down"}
			}
		},
		{
			"name": "Top bar",
			"from": [7, 12, 3],
			"to": [9, 15, 13],
			"faces": {
				"north": {"uv": [7, 1, 9, 3], "texture": "#2"},
				"east": {"uv": [3, 12, 13, 15], "texture": "#2"},
				"south": {"uv": [7, 1, 9, 3], "texture": "#2"},
				"west": {"uv": [0, 1, 10, 4], "texture": "#2"},
				"up": {"uv": [3, 4, 5, 14], "texture": "#2"},
				"down": {"uv": [3, 3, 5, 13], "texture": "#2"}
			}
		},
		{
			"name": "Lower bar",
			"from": [7, 6, 3],
			"to": [9, 9, 13],
			"faces": {
				"north": {"uv": [7, 9, 9, 11], "texture": "#2"},
				"east": {"uv": [3, 12, 13, 15], "texture": "#2"},
				"south": {"uv": [7, 9, 9, 11], "texture": "#2"},
				"west": {"uv": [3, 5, 13, 8], "texture": "#2"},
				"up": {"uv": [12, 3, 14, 13], "texture": "#2"},
				"down": {"uv": [11, 4, 13, 14], "texture": "#2"}
			}
		}
	],
	"display": {
		"gui": {
			"rotation": [30, 135, 0],
			"scale": [0.625, 0.625, 0.625]
		},
		"fixed": {
			"rotation": [0, 90, 0],
			"scale": [0.5, 0.5, 0.5]
		}
	}
}