{
	"credit": "Made with Blockbench",
	"textures": {
		"0": "block/oak_planks",
		"1": "block/oak_fencepole",
		"particle": "block/oak_planks"
	},
	"elements": [
		{
			"name": "top bar",
			"from": [7, 12, 0],
			"to": [9, 15, 9],
			"faces": {
				"north": {"uv": [6, 13, 8, 16], "texture": "#0", "cullface": "north"},
				"east": {"uv": [0, 0, 9, 3], "texture": "#0"},
				"south": {"uv": [6, 13, 8, 16], "texture": "#0"},
				"west": {"uv": [6, 0, 15, 3], "texture": "#0"},
				"up": {"uv": [5, 5, 7, 14], "texture": "#1"},
				"down": {"uv": [12, 7, 14, 16], "texture": "#1"}
			}
		},
		{
			"name": "lower bar",
			"from": [7, 6, 0],
			"to": [9, 9, 9],
			"faces": {
				"north": {"uv": [6, 13, 8, 16], "texture": "#0", "cullface": "north"},
				"east": {"uv": [6, 8, 15, 11], "texture": "#0"},
				"south": {"uv": [6, 13, 8, 16], "texture": "#0"},
				"west": {"uv": [0, 8, 9, 11], "texture": "#0"},
				"up": {"uv": [13, 3, 15, 12], "texture": "#1"},
				"down": {"uv": [12, 0, 14, 9], "texture": "#1"}
			}
		}
	]
}