{
	"credit": "Made with Blockbench",
	"parent": "minecraft:block/template_piston_head",
	"textures": {
		"2": "block/piston/piston_side",
		"3": "block/piston/piston_top",
		"particle": "block/piston/piston_side",
		"platform": "block/piston/piston_top_sticky",
		"side": "block/piston/piston_arm"
	},
	"elements": [
		{
			"from": [5, 5, 12],
			"to": [11, 11, 20],
			"rotation": {"angle": 0, "axis": "y", "origin": [11, 8, 12]},
			"faces": {
				"north": {"uv": [0, 2, 6, 8], "rotation": 270, "texture": "#side"},
				"east": {"uv": [0, 8, 6, 16], "rotation": 90, "texture": "#side"},
				"south": {"uv": [0, 2, 6, 8], "rotation": 270, "texture": "#side"},
				"west": {"uv": [0, 8, 6, 16], "rotation": 270, "texture": "#side"},
				"up": {"uv": [0, 8, 6, 16], "texture": "#side"},
				"down": {"uv": [0, 8, 6, 16], "rotation": 180, "texture": "#side"}
			}
		},
		{
			"from": [6, 6, 4],
			"to": [10, 10, 12],
			"rotation": {"angle": 0, "axis": "y", "origin": [11, 8, 12]},
			"faces": {
				"north": {"uv": [1, 3, 5, 7], "rotation": 270, "texture": "#side"},
				"east": {"uv": [6, 8, 10, 16], "rotation": 90, "texture": "#side"},
				"south": {"uv": [1, 3, 5, 7], "rotation": 270, "texture": "#side"},
				"west": {"uv": [6, 8, 10, 16], "rotation": 270, "texture": "#side"},
				"up": {"uv": [6, 8, 10, 16], "texture": "#side"},
				"down": {"uv": [6, 8, 10, 16], "rotation": 180, "texture": "#side"}
			}
		},
		{
			"from": [0, 0, 0],
			"to": [16, 16, 4],
			"rotation": {"angle": 0, "axis": "y", "origin": [11, 8, 12]},
			"faces": {
				"north": {"uv": [0, 0, 16, 16], "texture": "#platform"},
				"east": {"uv": [0, 0, 16, 4], "rotation": 90, "texture": "#2"},
				"south": {"uv": [0, 0, 16, 16], "rotation": 270, "texture": "#3"},
				"west": {"uv": [0, 0, 16, 4], "rotation": 270, "texture": "#2"},
				"up": {"uv": [0, 0, 16, 4], "texture": "#2"},
				"down": {"uv": [0, 0, 16, 4], "rotation": 180, "texture": "#2"}
			}
		}
	],
	"groups": [
		{
			"name": "group",
			"origin": [0, 8, 20],
			"children": [0, 1, 2]
		}
	]
}