{
	"credit": "Made with Blockbench",
	"ambientocclusion": false,
	"textures": {
		"2": "block/flower_pot",
		"particle": "block/flower_pot",
		"bamboo": "block/bamboo_stalk",
		"leaf": "block/bamboo_singleleaf"
	},
	"elements": [
		{
			"from": [7, 0, 7],
			"to": [9, 16, 9],
			"faces": {
				"north": {"uv": [6, 0, 8, 16], "texture": "#bamboo"},
				"east": {"uv": [6, 0, 8, 16], "texture": "#bamboo"},
				"south": {"uv": [6, 0, 8, 16], "texture": "#bamboo"},
				"west": {"uv": [6, 0, 8, 16], "texture": "#bamboo"},
				"up": {"uv": [13, 0, 15, 2], "texture": "#bamboo", "cullface": "up"}
			}
		},
		{
			"from": [0, 2, 8],
			"to": [16, 18, 8],
			"shade": false,
			"faces": {
				"north": {"uv": [0, 0, 16, 16], "texture": "#leaf"},
				"south": {"uv": [16, 0, 0, 16], "texture": "#leaf"}
			}
		},
		{
			"from": [4, 5, 4],
			"to": [12, 7, 12],
			"rotation": {"angle": 0, "axis": "y", "origin": [12, 13, 12]},
			"faces": {
				"north": {"uv": [8, 9, 16, 11], "texture": "#2"},
				"east": {"uv": [8, 9, 16, 11], "texture": "#2"},
				"south": {"uv": [8, 9, 16, 11], "texture": "#2"},
				"west": {"uv": [8, 9, 16, 11], "texture": "#2"},
				"up": {"uv": [8, 0, 16, 8], "texture": "#2"},
				"down": {"uv": [0, 0, 8, 8], "texture": "#2"}
			}
		},
		{
			"from": [5, 0, 5],
			"to": [11, 5, 11],
			"rotation": {"angle": 0, "axis": "y", "origin": [13, 8, 13]},
			"faces": {
				"north": {"uv": [9, 11, 15, 16], "texture": "#2"},
				"east": {"uv": [9, 11, 15, 16], "texture": "#2"},
				"south": {"uv": [9, 11, 15, 16], "texture": "#2"},
				"west": {"uv": [9, 11, 15, 16], "texture": "#2"},
				"up": {"uv": [9, 1, 15, 7], "texture": "#2"},
				"down": {"uv": [1, 1, 7, 7], "texture": "#2"}
			}
		},
		{
			"from": [5, 6, 5],
			"to": [11, 6, 11],
			"rotation": {"angle": 0, "axis": "y", "origin": [13, 9, 13]},
			"faces": {
				"north": {"uv": [1, 15, 7, 15], "texture": "#2"},
				"east": {"uv": [1, 15, 7, 15], "texture": "#2"},
				"south": {"uv": [1, 15, 7, 15], "texture": "#2"},
				"west": {"uv": [1, 15, 7, 15], "texture": "#2"},
				"up": {"uv": [1, 9, 7, 15], "texture": "#2"},
				"down": {"uv": [1, 15, 7, 9], "texture": "#2"}
			}
		},
		{
			"from": [4, 6, 5],
			"to": [12, 7, 5],
			"rotation": {"angle": 0, "axis": "y", "origin": [13, 9, 13]},
			"faces": {
				"north": {"uv": [0, 15, 8, 16], "texture": "#2"},
				"east": {"uv": [0, 15, 0, 15], "texture": "#2"},
				"south": {"uv": [0, 15, 8, 16], "texture": "#2"},
				"west": {"uv": [0, 15, 0, 15], "texture": "#2"},
				"up": {"uv": [0, 15, 8, 15], "texture": "#2"},
				"down": {"uv": [0, 15, 8, 15], "texture": "#2"}
			}
		},
		{
			"from": [4, 6, 11],
			"to": [12, 7, 11],
			"rotation": {"angle": 0, "axis": "y", "origin": [13, 9, 19]},
			"faces": {
				"north": {"uv": [0, 15, 8, 16], "texture": "#2"},
				"east": {"uv": [0, 15, 0, 15], "texture": "#2"},
				"south": {"uv": [0, 15, 8, 16], "texture": "#2"},
				"west": {"uv": [0, 15, 0, 15], "texture": "#2"},
				"up": {"uv": [0, 15, 8, 15], "texture": "#2"},
				"down": {"uv": [0, 15, 8, 15], "texture": "#2"}
			}
		},
		{
			"from": [11, 6, 4],
			"to": [11, 7, 12],
			"rotation": {"angle": 0, "axis": "y", "origin": [13, 9, 19]},
			"faces": {
				"north": {"uv": [0, 15, 0, 15], "texture": "#2"},
				"east": {"uv": [0, 15, 8, 16], "texture": "#2"},
				"south": {"uv": [0, 15, 0, 16], "texture": "#2"},
				"west": {"uv": [0, 15, 8, 16], "texture": "#2"},
				"up": {"uv": [0, 15, 8, 15], "texture": "#2"},
				"down": {"uv": [0, 15, 8, 15], "texture": "#2"}
			}
		},
		{
			"from": [5, 6, 4],
			"to": [5, 7, 12],
			"rotation": {"angle": 0, "axis": "y", "origin": [7, 9, 19]},
			"faces": {
				"north": {"uv": [0, 15, 0, 15], "texture": "#2"},
				"east": {"uv": [0, 15, 8, 16], "texture": "#2"},
				"south": {"uv": [0, 15, 0, 16], "texture": "#2"},
				"west": {"uv": [0, 15, 8, 16], "texture": "#2"},
				"up": {"uv": [0, 15, 8, 15], "texture": "#2"},
				"down": {"uv": [0, 15, 8, 15], "texture": "#2"}
			}
		}
	]
}