{
	"credit": "Made with Blockbench",
	"ambientocclusion": false,
	"textures": {
		"particle": "block/flower_pot",
		"flowerpot": "block/flower_pot",
		"cactus_top": "block/cactus_top",
		"cactus": "block/cactus_side"
	},
	"elements": [
		{
			"from": [6, 5, 6],
			"to": [10, 16, 10],
			"faces": {
				"north": {"uv": [6, 0, 10, 12], "texture": "#cactus"},
				"east": {"uv": [6, 0, 10, 12], "texture": "#cactus"},
				"south": {"uv": [6, 0, 10, 12], "texture": "#cactus"},
				"west": {"uv": [6, 0, 10, 12], "texture": "#cactus"},
				"up": {"uv": [6, 6, 10, 10], "texture": "#cactus_top", "cullface": "up"}
			}
		},
		{
			"from": [4, 5, 4],
			"to": [12, 7, 12],
			"rotation": {"angle": 0, "axis": "y", "origin": [12, 13, 12]},
			"faces": {
				"north": {"uv": [8, 9, 16, 11], "texture": "#flowerpot"},
				"east": {"uv": [8, 9, 16, 11], "texture": "#flowerpot"},
				"south": {"uv": [8, 9, 16, 11], "texture": "#flowerpot"},
				"west": {"uv": [8, 9, 16, 11], "texture": "#flowerpot"},
				"up": {"uv": [8, 0, 16, 8], "texture": "#flowerpot"},
				"down": {"uv": [0, 0, 8, 8], "texture": "#flowerpot"}
			}
		},
		{
			"from": [5, 0, 5],
			"to": [11, 5, 11],
			"rotation": {"angle": 0, "axis": "y", "origin": [13, 8, 13]},
			"faces": {
				"north": {"uv": [9, 11, 15, 16], "texture": "#flowerpot"},
				"east": {"uv": [9, 11, 15, 16], "texture": "#flowerpot"},
				"south": {"uv": [9, 11, 15, 16], "texture": "#flowerpot"},
				"west": {"uv": [9, 11, 15, 16], "texture": "#flowerpot"},
				"up": {"uv": [9, 1, 15, 7], "texture": "#flowerpot"},
				"down": {"uv": [1, 1, 7, 7], "texture": "#flowerpot"}
			}
		},
		{
			"from": [5, 6, 5],
			"to": [11, 6, 11],
			"rotation": {"angle": 0, "axis": "y", "origin": [13, 9, 13]},
			"faces": {
				"north": {"uv": [1, 15, 7, 15], "texture": "#flowerpot"},
				"east": {"uv": [1, 15, 7, 15], "texture": "#flowerpot"},
				"south": {"uv": [1, 15, 7, 15], "texture": "#flowerpot"},
				"west": {"uv": [1, 15, 7, 15], "texture": "#flowerpot"},
				"up": {"uv": [1, 9, 7, 15], "texture": "#flowerpot"},
				"down": {"uv": [1, 15, 7, 9], "texture": "#flowerpot"}
			}
		},
		{
			"from": [4, 6, 5],
			"to": [12, 7, 5],
			"rotation": {"angle": 0, "axis": "y", "origin": [13, 9, 13]},
			"faces": {
				"north": {"uv": [0, 15, 8, 16], "texture": "#flowerpot"},
				"east": {"uv": [0, 15, 0, 15], "texture": "#flowerpot"},
				"south": {"uv": [0, 15, 8, 16], "texture": "#flowerpot"},
				"west": {"uv": [0, 15, 0, 15], "texture": "#flowerpot"},
				"up": {"uv": [0, 15, 8, 15], "texture": "#flowerpot"},
				"down": {"uv": [0, 15, 8, 15], "texture": "#flowerpot"}
			}
		},
		{
			"from": [4, 6, 11],
			"to": [12, 7, 11],
			"rotation": {"angle": 0, "axis": "y", "origin": [13, 9, 19]},
			"faces": {
				"north": {"uv": [0, 15, 8, 16], "texture": "#flowerpot"},
				"east": {"uv": [0, 15, 0, 15], "texture": "#flowerpot"},
				"south": {"uv": [0, 15, 8, 16], "texture": "#flowerpot"},
				"west": {"uv": [0, 15, 0, 15], "texture": "#flowerpot"},
				"up": {"uv": [0, 15, 8, 15], "texture": "#flowerpot"},
				"down": {"uv": [0, 15, 8, 15], "texture": "#flowerpot"}
			}
		},
		{
			"from": [11, 6, 4],
			"to": [11, 7, 12],
			"rotation": {"angle": 0, "axis": "y", "origin": [13, 9, 19]},
			"faces": {
				"north": {"uv": [0, 15, 0, 15], "texture": "#flowerpot"},
				"east": {"uv": [0, 15, 8, 16], "texture": "#flowerpot"},
				"south": {"uv": [0, 15, 0, 16], "texture": "#flowerpot"},
				"west": {"uv": [0, 15, 8, 16], "texture": "#flowerpot"},
				"up": {"uv": [0, 15, 8, 15], "texture": "#flowerpot"},
				"down": {"uv": [0, 15, 8, 15], "texture": "#flowerpot"}
			}
		},
		{
			"from": [5, 6, 4],
			"to": [5, 7, 12],
			"rotation": {"angle": 0, "axis": "y", "origin": [7, 9, 19]},
			"faces": {
				"north": {"uv": [0, 15, 0, 15], "texture": "#flowerpot"},
				"east": {"uv": [0, 15, 8, 16], "texture": "#flowerpot"},
				"south": {"uv": [0, 15, 0, 16], "texture": "#flowerpot"},
				"west": {"uv": [0, 15, 8, 16], "texture": "#flowerpot"},
				"up": {"uv": [0, 15, 8, 15], "texture": "#flowerpot"},
				"down": {"uv": [0, 15, 8, 15], "texture": "#flowerpot"}
			}
		}
	]
}