{
	"credit": "Made with Blockbench",
	"textures": {
		"3": "block/warped_fencepole",
		"particle": "block/warped_fencepole"
	},
	"elements": [
		{
			"name": "Center post",
			"from": [6, 0, 6],
			"to": [10, 16, 10],
			"faces": {
				"north": {"uv": [0, 0, 4, 16], "texture": "#3"},
				"east": {"uv": [6, 0, 10, 16], "texture": "#3"},
				"south": {"uv": [2, 0, 6, 16], "texture": "#3"},
				"west": {"uv": [8, 0, 12, 16], "texture": "#3"},
				"up": {"uv": [4, 0, 8, 4], "texture": "#3", "cullface": "up"},
				"down": {"uv": [3, 6, 7, 10], "texture": "#3", "cullface": "down"}
			}
		}
	]
}